{
    "mse": 0.5690247717229254,
    "r2": 0.2652750042179155
}